scenario,dataset,single,multi,difference,ci_low,ci_high,verdict
toy_1d,0,gp,mtgp,-0.009110490494815831,-0.028330050125497372,0.01107711800983363,no clear difference
toy_1d,0,gp,mtgp_corr,-0.012292975626305483,-0.03865229081128764,0.013171112568201186,no clear difference
toy_1d,0,ridge,rrr,9.221151880687728e-05,-0.0007718441502793196,0.0009830433113988762,no clear difference
toy_1d,0,lasso,mtlasso,-0.00042940093880459404,-0.0013102950932341322,0.00038851691333817976,no clear difference
toy_1d,0,pls1,pls2,1.449045252873673e-17,-2.0649381120231827e-17,4.92737985759453e-17,no clear difference
toy_1d,1,gp,mtgp,-0.01552163400758561,-0.0351044353662552,-0.0020224878575396486,single better
toy_1d,1,gp,mtgp_corr,-0.008304594703397747,-0.03267632647113264,0.010774308160703057,no clear difference
toy_1d,1,ridge,rrr,0.00018675686345674032,-0.002372086848579921,0.002710619931894967,no clear difference
toy_1d,1,lasso,mtlasso,0.0002325451742820026,-0.0006675237399540667,0.0010538003245110642,no clear difference
toy_1d,1,pls1,pls2,4.8362099111253345e-17,-1.4413865666612733e-17,1.0876308355625881e-16,no clear difference
toy_1d,2,gp,mtgp,-0.023955907497582543,-0.05784087852983002,2.954230034761738e-05,no clear difference
toy_1d,2,gp,mtgp_corr,-0.027349460673902207,-0.07226335550039267,0.005498897879256779,no clear difference
toy_1d,2,ridge,rrr,7.885294625671245e-05,-0.0019902073963802914,0.0023564650835032636,no clear difference
toy_1d,2,lasso,mtlasso,0.0006352021191279664,-0.001471992966757494,0.0027277094946178016,no clear difference
toy_1d,2,pls1,pls2,3.6799034486676206e-17,-1.9848559360879845e-17,9.396621829527335e-17,no clear difference
related,0,gp,mtgp,0.007717675516532402,-0.005145215804615127,0.020631273001971765,no clear difference
related,0,gp,mtgp_corr,0.009918062714454135,-0.0036032683152789013,0.02350821820153637,no clear difference
related,0,ridge,rrr,-0.0010115424160764038,-0.011888091035880814,0.009838959334218923,no clear difference
related,0,lasso,mtlasso,0.004512821181487044,-0.007761163150305042,0.016744624752303632,no clear difference
related,0,pls1,pls2,-0.008464444811447371,-0.019755109715054776,0.0009471806748863744,no clear difference
related,1,gp,mtgp,0.031660258491038436,-0.0006741814585972982,0.06976278335836787,no clear difference
related,1,gp,mtgp_corr,-0.02959059123434951,-0.0704923225162871,0.020798995515061383,no clear difference
related,1,ridge,rrr,-0.01924266767482784,-0.033130940623530065,-0.006308349822653538,single better
related,1,lasso,mtlasso,0.006638428680679234,-0.002948988166927958,0.016755898772002023,no clear difference
related,1,pls1,pls2,-0.0048766828050069225,-0.01912078257807868,0.009609983630988967,no clear difference
related,2,gp,mtgp,0.02112918204148368,0.0072775832680381305,0.03714624246773883,multi better
related,2,gp,mtgp_corr,0.02076339096793447,0.006342942527853235,0.03684997712799364,multi better
related,2,ridge,rrr,-0.0145864872396849,-0.03335424898793948,0.003997109804029128,no clear difference
related,2,lasso,mtlasso,0.009658297802622347,-0.004159896298830905,0.02490619277267131,no clear difference
related,2,pls1,pls2,0.0009616851213464661,-0.013213806157306825,0.014580102781797038,no clear difference
related_small,0,gp,mtgp,0.11618476986639778,0.055270748866099784,0.18602573337198203,multi better
related_small,0,gp,mtgp_corr,0.07879618358715908,0.02353601603954979,0.1325863477376034,multi better
related_small,0,ridge,rrr,-0.022197928761425727,-0.05367045311723537,0.008138424299178779,no clear difference
related_small,0,lasso,mtlasso,0.02717772100991441,-0.028117478244051818,0.1069045406032177,no clear difference
related_small,0,pls1,pls2,-0.05443585551444046,-0.11018746242319247,-0.003994416547680907,single better
related_small,1,gp,mtgp,0.053115088021582775,-0.027780064990436542,0.14474241028552448,no clear difference
related_small,1,gp,mtgp_corr,0.05436833577736797,-0.020493170771577217,0.14789011214562947,no clear difference
related_small,1,ridge,rrr,-0.006914738785585025,-0.0499323133119633,0.03487666314404102,no clear difference
related_small,1,lasso,mtlasso,-0.0035127545638198726,-0.06617963683696282,0.05835348537817374,no clear difference
related_small,1,pls1,pls2,0.02627072619510884,-0.05329605134228777,0.1047317724518769,no clear difference
related_small,2,gp,mtgp,0.21774094683898568,0.11929555444926608,0.3198413478979308,multi better
related_small,2,gp,mtgp_corr,0.1689959789034713,0.0522734343793605,0.28345261004272904,multi better
related_small,2,ridge,rrr,-0.048572433480855416,-0.11898174187133131,0.012359078356609755,no clear difference
related_small,2,lasso,mtlasso,0.004822091730372716,-0.026980802099610537,0.03622574826057205,no clear difference
related_small,2,pls1,pls2,0.005863689953272466,-0.04711234855753007,0.05922213554376322,no clear difference
related_missing,0,gp,mtgp,0.03145726251323447,0.005518714273227547,0.06161483620371983,multi better
related_missing,0,gp,mtgp_corr,0.02354508818189206,-0.0018231625159861214,0.052649658276093525,no clear difference
related_missing,0,ridge,rrr,-0.6819003394556756,-0.9113636101271272,-0.48128127315261543,single better
related_missing,0,lasso,mtlasso,-0.22547257206106985,-0.3393594058874478,-0.11917668279803512,single better
related_missing,0,pls1,pls2,-0.5808084222134009,-0.7265233921693797,-0.44345038862367414,single better
related_missing,1,gp,mtgp,0.17972474593839508,0.10449164633562126,0.2647567909781507,multi better
related_missing,1,gp,mtgp_corr,0.1018265080043475,0.021208621865766743,0.18882488660981148,multi better
related_missing,1,ridge,rrr,-0.2578705410604125,-0.4129625407429917,-0.13110236805531353,single better
related_missing,1,lasso,mtlasso,-0.2357293458057206,-0.3717323264308818,-0.11691948294697184,single better
related_missing,1,pls1,pls2,-0.24567091249642534,-0.40658172416947147,-0.1029165387864365,single better
related_missing,2,gp,mtgp,0.045738807958044324,-0.006630203141362382,0.09189449851506541,no clear difference
related_missing,2,gp,mtgp_corr,0.03577616344088962,-0.01567261192647639,0.08086934442117771,no clear difference
related_missing,2,ridge,rrr,-0.4642840423088476,-0.6590813925203646,-0.2597035993175154,single better
related_missing,2,lasso,mtlasso,-0.3386263959149027,-0.525401556908529,-0.1563892150487752,single better
related_missing,2,pls1,pls2,-0.3833729089120325,-0.5744479753291323,-0.18471038936668452,single better
related_fill_in,0,gp,mtgp,0.04728713054380985,0.01976125821172045,0.07658060447875055,multi better
related_fill_in,0,gp,mtgp_corr,0.023866910173346242,-0.008398995544068581,0.05468552958679851,no clear difference
related_fill_in,0,gp_augmented,mtgp,0.07567941070108804,0.04496079878356195,0.10465487622813838,multi better
related_fill_in,0,gp_augmented,mtgp_corr,0.05225919033062444,0.015961865350451597,0.08766510817105273,multi better
related_fill_in,0,ridge,rrr,-0.6819003394556756,-0.9113636101271272,-0.48128127315261543,single better
related_fill_in,0,lasso,mtlasso,-0.22547257206106985,-0.3393594058874478,-0.11917668279803512,single better
related_fill_in,0,pls1,pls2,-0.5808084222134009,-0.7265233921693797,-0.44345038862367414,single better
related_fill_in,1,gp,mtgp,0.13098907151802275,0.04378577036306985,0.22478098380390926,multi better
related_fill_in,1,gp,mtgp_corr,0.16532695616201176,0.07342916817289186,0.2750645448009087,multi better
related_fill_in,1,gp_augmented,mtgp,0.0680791210582949,-0.02612830883075779,0.15111076995572106,no clear difference
related_fill_in,1,gp_augmented,mtgp_corr,0.10241700570228392,0.025344766376969047,0.17784398594610223,multi better
related_fill_in,1,ridge,rrr,-0.2578705410604125,-0.4129625407429917,-0.13110236805531353,single better
related_fill_in,1,lasso,mtlasso,-0.2357293458057206,-0.3717323264308818,-0.11691948294697184,single better
related_fill_in,1,pls1,pls2,-0.24567091249642534,-0.40658172416947147,-0.1029165387864365,single better
related_fill_in,2,gp,mtgp,0.08549517264515245,0.036698641250174004,0.1276477602431942,multi better
related_fill_in,2,gp,mtgp_corr,0.06079384892266724,0.011109691561745348,0.107150306111096,multi better
related_fill_in,2,gp_augmented,mtgp,0.113846184388183,0.07001574484347943,0.1585826034043768,multi better
related_fill_in,2,gp_augmented,mtgp_corr,0.08914486066569781,0.04209066122757163,0.13680061702668067,multi better
related_fill_in,2,ridge,rrr,-0.4642840423088476,-0.6590813925203646,-0.2597035993175154,single better
related_fill_in,2,lasso,mtlasso,-0.3386263959149027,-0.525401556908529,-0.1563892150487752,single better
related_fill_in,2,pls1,pls2,-0.3833729089120325,-0.5744479753291323,-0.18471038936668452,single better
unrelated_fill_in,0,gp,mtgp,0.006660809103165024,-0.04089762379253905,0.053082793066133414,no clear difference
unrelated_fill_in,0,gp,mtgp_corr,-0.025600091454669033,-0.08250697548481019,0.028065662201326502,no clear difference
unrelated_fill_in,0,gp_augmented,mtgp,0.009278922792791543,-0.04024202766205416,0.05959699008227357,no clear difference
unrelated_fill_in,0,gp_augmented,mtgp_corr,-0.022981977765042513,-0.08070492907525506,0.03596961402577952,no clear difference
unrelated_fill_in,0,ridge,rrr,-0.4620723796735945,-0.61620279861088,-0.3217801551308507,single better
unrelated_fill_in,0,lasso,mtlasso,-0.19224313290851433,-0.26387121470289726,-0.11524745199336028,single better
unrelated_fill_in,0,pls1,pls2,-0.3252360640083216,-0.4571692342362722,-0.19441042586695897,single better
unrelated_fill_in,1,gp,mtgp,-0.03088132857664205,-0.0963955764348641,0.029170686794402725,no clear difference
unrelated_fill_in,1,gp,mtgp_corr,-0.012012581953475748,-0.06730374930507278,0.04155291595684709,no clear difference
unrelated_fill_in,1,gp_augmented,mtgp,0.014597499629439847,-0.049061766810185925,0.07241470730565686,no clear difference
unrelated_fill_in,1,gp_augmented,mtgp_corr,0.03346624625260616,-0.027430802100156415,0.08847495192036123,no clear difference
unrelated_fill_in,1,ridge,rrr,-0.2600322140581364,-0.389758560470437,-0.1321252575283222,single better
unrelated_fill_in,1,lasso,mtlasso,-0.17206906283921683,-0.2504538741145975,-0.08856300407307259,single better
unrelated_fill_in,1,pls1,pls2,-0.2869757488271396,-0.4126157402517276,-0.16210523512547353,single better
unrelated_fill_in,2,gp,mtgp,-0.03540061588213044,-0.09655727951710295,0.024438337369810794,no clear difference
unrelated_fill_in,2,gp,mtgp_corr,-0.040101733348841456,-0.10837901614207011,0.029125676213965192,no clear difference
unrelated_fill_in,2,gp_augmented,mtgp,-0.02989025219406887,-0.09453654390463202,0.03819881391478905,no clear difference
unrelated_fill_in,2,gp_augmented,mtgp_corr,-0.034591369660779886,-0.10279375810646191,0.039232298281358345,no clear difference
unrelated_fill_in,2,ridge,rrr,-0.5893815808997214,-0.7811567741652391,-0.4215200395378288,single better
unrelated_fill_in,2,lasso,mtlasso,-0.34210723685124333,-0.46891729924002357,-0.22475963796696308,single better
unrelated_fill_in,2,pls1,pls2,-0.5796980058023553,-0.7898221158033091,-0.3952043465707406,single better
patient_fill_in,0,gp,mtgp,0.29033005050844696,0.1362451927111135,0.43877379483328877,multi better
patient_fill_in,0,gp,mtgp_corr,0.44331404665378105,0.3216990622529641,0.5655872516186428,multi better
patient_fill_in,0,gp_augmented,mtgp,0.12091571660267722,-0.003671706814730075,0.2392155104636314,no clear difference
patient_fill_in,0,gp_augmented,mtgp_corr,0.2738997127480112,0.1888228980588013,0.35433064197973324,multi better
patient_fill_in,0,ridge,rrr,-0.2540171083980739,-0.37199586173901483,-0.14063224697390111,single better
patient_fill_in,0,lasso,mtlasso,-0.2952964666210008,-0.42393979188638276,-0.15693554231760132,single better
patient_fill_in,0,pls1,pls2,-0.3855443915648532,-0.5665043062443365,-0.22138413161809653,single better
patient_fill_in,1,gp,mtgp,0.223131314454277,-0.045981044471141784,0.46032290555954425,no clear difference
patient_fill_in,1,gp,mtgp_corr,0.3287961059330158,0.10803868345516714,0.5568400615486456,multi better
patient_fill_in,1,gp_augmented,mtgp,-0.011307443676998152,-0.24081653162183828,0.158153182204941,no clear difference
patient_fill_in,1,gp_augmented,mtgp_corr,0.09435734780174063,-0.08279108203876424,0.24592823412991432,no clear difference
patient_fill_in,1,ridge,rrr,-0.33533037114205194,-0.541959265081343,-0.136408466658185,single better
patient_fill_in,1,lasso,mtlasso,-0.14585975583164468,-0.27781773862794645,-0.00551258131319976,single better
patient_fill_in,1,pls1,pls2,-0.08906555858818169,-0.23921717423089917,0.058601979092521024,no clear difference
patient_fill_in,2,gp,mtgp,0.21802607851182856,0.057328522523027024,0.3823644721400606,multi better
patient_fill_in,2,gp,mtgp_corr,0.2785738702343436,0.11504507085928967,0.4411658702348237,multi better
patient_fill_in,2,gp_augmented,mtgp,0.06455443552323097,-0.0736468528800005,0.19279210983178116,no clear difference
patient_fill_in,2,gp_augmented,mtgp_corr,0.12510222724574593,0.002366683964983413,0.24305995572075456,multi better
patient_fill_in,2,ridge,rrr,-1.2688584479616543,-1.71692495640005,-0.8658227086114009,single better
patient_fill_in,2,lasso,mtlasso,-0.22684271805615425,-0.3489257725117985,-0.11791898318926276,single better
patient_fill_in,2,pls1,pls2,-0.26702169703428846,-0.46780080011818204,-0.10012863457995323,single better
